title,price
[하나북스퀘어]Go프로그래밍쿡북다양한Golang애플리케이션을만드는83가지레시피프로그래밍언어..찜하기,"31,500원무료"
Hands-OnSoftwareEngineeringwithGolangAnagnostopoulosAchilleas찜하기,"59,000원무료"
Event-DrivenArchitectureinGolang:Buildingcomplexsystemswithasynchronicityandeventualconsistency찜하기,"66,300원무료"
"[골든래빗(주)]MustHaveTucker의Go언어프로그래밍Golang입문부터고급기법까지,재미있는4가지프로젝트와함께찜하기","37,800원무료"
BuildingRESTfulWebserviceswithGo(LearnhowtobuildpowerfulRESTfulAPIswithGolangthatscalegracefully)찜하기,"13,000원무료"
Hands-OnSoftwareEngineeringwithGolangPacktPublishing찜하기,"47,200원무료"
MustHaveTucker의Go언어프로그래밍:Golang입문부터고급기법까지재미있는4가지프로젝트와함께골든래빗(주)찜하기,"37,800원무료"
Hands-OnSystemProgrammingwithGo(BuildmodernandconcurrentapplicationsforUnixandLinuxsystemsusingGolang)찜하기,"22,000원무료"
MustHaveTucker의Go언어프로그래밍:Golang입문부터고급기법까지재미있는4가지프로젝트와함께골든래빗(주)찜하기,"37,800원무료"
Hands-OnHighPerformancewithGo(BoostandoptimizetheperformanceofyourGolangapplicationsatscalewithresilience)찜하기,"22,000원무료"
[에이콘출판]Go프로그래밍쿡북다양한Golang애플리케이션을만드는83가지레시피찜하기,"31,500원무료"
"Tucker의Go언어프로그래밍(Golang입문부터고급기법까지,재미있는4가지프로젝트와함께)찜하기","30,240원무료"
"Tucker의Go언어프로그래밍(Golang입문부터고급기법까지,재미있는4가지프로젝트와함께)찜하기","33,600원무료"
"Tucker의Go언어프로그래밍(Golang입문부터고급기법까지,재미있는4가지프로젝트와함께)찜하기","37,800원무료"
Go프로그래밍쿡북2/e-다양한Golang애플리케이션을만드는83가지레시피찜하기,"31,500원"
"MustHaveTucker의Go언어프로그래밍(Golang입문부터고급기법까지,재미있는4가지프로젝트와함께)찜하기","37,800원무료"
[에이콘출판]Go프로그래밍쿡북다양한Golang애플리케이션을만드는83가지레시피찜하기,"31,500원무료"
"Tucker의Go언어프로그래밍(Golang입문부터고급기법까지,재미있는4가지프로젝트와함께)찜하기","37,800원무료"
"Tucker의Go언어프로그래밍(Golang입문부터고급기법까지,재미있는4가지프로젝트와함께)찜하기","33,600원무료"
"Tucker의Go언어프로그래밍(Golang입문부터고급기법까지,재미있는4가지프로젝트와함께)찜하기","37,800원무료"
Go프로그래밍쿡북다양한Golang애플리케이션을만드는83가지레시피프로그래밍언어/2판찜하기,"31,500원무료"
"MasteringGo-SecondEdition:CreateGolangproductionapplicationsusingnetworklibraries,concurrency,machinelearning,andadvanceddatastruct찜하기","최저77,750원"
"Tucker의Go언어프로그래밍(Golang입문부터고급기법까지,재미있는4가지프로젝트와함께)찜하기","최저36,290원구매30,240원"
Go프로그래밍쿡북다양한Golang애플리케이션을찜하기,"31,500원무료"
Hands-OnSoftwareArchitecturewithGolang찜하기,"최저77,750원구매23,000원"
Go프로그래밍쿡북(다양한Golang애플리케이션을만드는83가지레시피)찜하기,"최저31,500원"
Go프로그래밍쿡북2/e-다양한Golang애플리케이션을만드는83가지레시피찜하기,"31,500원무료"
CloudNativeprogrammingwithGolang찜하기,"최저69,980원구매19,000원"
Hands-OnSoftwareEngineeringwithGolang찜하기,"최저47,200원구매22,000원"
CloudNativeprogrammingwithGolang(Developmicroservice-basedhighperformancewebappsforthecloudwithGo)찜하기,"17,100원무료"
